{
  "name": "social-conflict-module",
  "title": "Social Conflict Module",
  "description": "A module to manage social conflicts in Foundry VTT",
  "version": "0.5.1",
  "author": "James Streissand",
  "minimumCoreVersion": "0.7.9",
  "compatibleCoreVersion": "11.0.0",
  "scripts": ["scripts/socialConflictModule.js"],
  "esmodules": ["scripts/socialConflictApp.js"],
  "styles": [],
  "packs": [],
  "languages": [],
  "url": "",
  "manifest": "https://ashofcreativity.github.io/Social-Conflicts-Module/module.json",
  "download": "https://ashofcreativity.github.io/Social-Conflicts-Module/",
  "license": "LICENSE.txt"
}
